fistname,middlename,salary
Anthony,Evelyn,1094
Jackson,Liam,1742
Mason,Elijah,1538
Eleanor,Olivia,1763
Mila,Mason,1903
Amelia,Jackson,1100
Scarlett,William,1426
Charlotte,Noah,1847
Ethan,Nora,1788
Nora,Emilia,1552
Elijah,Alexander,1997
Mason,Isabella,1548
Ava,Evelyn,1960
Olivia,Eleanor,1801
Riley,Noah,1451
Abigail,Elijah,1909
Mason,Riley,1167
Lucas,Joseph,1798
Alexander,Evelyn,1874
Logan,Muhammad,1557
Mason,Oliver,1851
Liam,Liam,1928
Eleanor,Nora,1156
Sienna,Mia,1228
James,Riley,1000
Riley,Ella,1667
Gabriel,Benjamin,1965
Eleanor,Aiden,1449
Jackson,Evelyn,1147
Aiden,Sienna,1764
Liam,Aiden,1777
Benjamin,Jackson,1054
Noah,Mia,1778
Isabella,Mason,1744
Mason,Isabella,1229
Abigail,Mia,1481
Eleanor,Ava,1216
Chloe,Luna,1620
Jackson,Emilia,1192
Olivia,Daniel,1977
Muhammad,Charlotte,1109
Zoey,Benjamin,1314
Ethan,Daniel,1895
Jackson,Avery,1389
Lucas,Evelyn,1678
Mason,William,1577
Nora,Aiden,1276
Aiden,Noah,1263
Ella,Aiden,1177
Mason,Ava,1346
Jackson,Evelyn,1221
Avery,Logan,1680
Evelyn,Ava,1340
Aurora,Amelia,1561
Isla,Emilia,1608
James,Anthony,1351
Lucas,Anthony,1223
Olivia,Sophia,1226
Jacob,Liam,1361
Olivia,Ethan,1016
Isla,Emma,1307
Alexander,Charlotte,1291
Sienna,Olivia,1798
Harper,Harper,1799
Jackson,Liam,1624
James,William,1482
Elijah,Olivia,1931
Mia,Charlotte,1685
Eleanor,Lucas,1450
Aiden,Mia,1029
Avery,Amelia,1724
Alexander,Mia,1992
Aiden,Liam,1746
William,Charlotte,1494
Olivia,Anthony,1181
Mason,Elijah,1394
Jackson,Benjamin,1980
Olivia,Oliver,1201
Anthony,Ethan,1330
Isabella,Benjamin,1018
Isla,Sophia,1624
Emilia,Mason,1529
Isabella,Amelia,1894
Elijah,Avery,1133
James,Mason,1968
Anthony,Amelia,1958
Lucas,Oliver,1603
Elijah,Sienna,1926
Isla,Logan,1344
Harper,Scarlett,1694
Mason,Harper,1913
Benjamin,Scarlett,1872
Ethan,Scarlett,1346
Aiden,Sophia,1564
Gabriel,Riley,1084
Mila,Evelyn,1301
Harper,Evelyn,1918
Mason,Avery,1643
Scarlett,Gabriel,1880
Sienna,Benjamin,1985
William,Charlotte,1331
Scarlett,Evelyn,1271
Jackson,Mia,1059
Alexander,Jackson,1508
Jackson,William,1960
Isabella,Ava,1609
Oliver,Aurora,1404
James,William,1753
Joseph,Alexander,1282
Ethan,William,1544
Ella,Amelia,1166
William,Scarlett,1389
Aiden,Aiden,1820
Sofia,Sofia,1839
Aurora,Jackson,1291
Olivia,James,1245
Mia,Avery,1684
Isla,Scarlett,1999
Aiden,Mia,1279
Evelyn,Alexander,1390
Alexander,Harper,1366
Ella,Mason,1484
Elijah,Amelia,1600
Aiden,Benjamin,1818
Jacob,Eleanor,1056
Isla,James,1416
Daniel,James,1984
James,William,1737
Lucas,Mia,1877
Muhammad,Logan,1212
Daniel,Sofia,1072
Eleanor,Lucas,1614
Oliver,Riley,1589
Jackson,Mila,1279
Liam,Alexander,1801
William,Ava,1860
Lucas,Anthony,1831
Elijah,Benjamin,1661
Muhammad,Daniel,1931
Mia,Mia,1939
William,Elijah,1329
Evelyn,Ava,1201
Isla,Emma,1578
Zoey,Elijah,1333
Riley,Zoey,1599
Elijah,Olivia,1866
Alexander,Noah,1645
Alexander,David,1508
Isabella,Jackson,1108
Mason,Charlotte,1317
Aiden,William,1351
Isla,Amelia,1419
Benjamin,Evelyn,1123
Amelia,Mason,1310
Ella,Abigail,1158
Liam,James,1822
Scarlett,Anthony,1716
Ethan,Riley,1496
Elijah,Lucas,1740
Ethan,Oliver,1525
David,Lucas,1669
Riley,William,1773
Isabella,Abigail,1268
Harper,Olivia,1542
Ethan,Daniel,1527
Mia,Sophia,1119
Luna,Aurora,1702
Liam,Evelyn,1696
Scarlett,Amelia,1859
Elijah,Mason,1630
Alexander,Avery,1744
Riley,William,1566
Liam,Emma,1496
Olivia,Amelia,1622
Emilia,Isla,1590
Ella,Elijah,1459
Benjamin,Isabella,1704
Aurora,Mason,1059
Benjamin,Sophia,1525
Charlotte,William,1483
Emilia,Evelyn,1080
Emma,Eleanor,1946
Aurora,Isla,1030
Eleanor,Liam,1716
William,Harper,1069
Emilia,Luna,1336
Ava,Lucas,1781
Amelia,William,1538
Benjamin,Jacob,1349
James,James,1119
Nora,William,1170
Alexander,Aiden,1104
Aiden,Avery,1727
Evelyn,Oliver,1230
Isabella,Luna,1114
Alexander,Emilia,1650
Gabriel,Oliver,1792
Chloe,Chloe,1124
Aiden,Ethan,1652
Daniel,Mila,1862
Scarlett,Riley,1835
Ethan,Sophia,1359
Muhammad,Charlotte,1433
Abigail,Evelyn,1612
Logan,Ella,1144
Ethan,Matthew,1968
Jackson,William,1067
Noah,Chloe,2000
Mason,David,1686
Aurora,Olivia,1340
Sophia,Isabella,1092
Noah,Emilia,1599
Aiden,Sophia,1509
Noah,Ethan,1015
Noah,Harper,1321
Jacob,Aiden,1583
Ava,Daniel,1968
Joseph,James,1866
James,William,1194
Mason,Eleanor,1334
Evelyn,Abigail,1040
Mason,Aiden,1918
William,Jacob,1520
Liam,Avery,1553
William,Jackson,1932
William,Aurora,1393
Aiden,Jacob,1228
Anthony,Ethan,1880
Luna,Ella,1052
Elijah,Sophia,1697
Gabriel,Riley,1814
Jacob,Jackson,1235
Sofia,Lucas,1163
Nora,Nora,1048
Liam,Daniel,1356
Aiden,Jackson,1572
Riley,Ethan,1038
Elijah,Sophia,1707
Avery,Mia,1621
Olivia,Olivia,1084
Luna,Harper,1708
Avery,Harper,1826
Daniel,Charlotte,1606
Joseph,Mila,1077
Emma,Charlotte,1953
Ethan,Chloe,1587
Eleanor,Charlotte,1120
Isla,Noah,1351
William,Jackson,1476
Charlotte,Daniel,1476
James,Mason,1339
Noah,Aurora,1661
Jacob,William,1572
Sophia,Luna,1141
Mason,Riley,1073
Eleanor,Olivia,1259
Mia,Isabella,1270
James,Evelyn,1620
Riley,Avery,1955
Mason,Avery,1546
Logan,Mila,1422
Jacob,Noah,1249
Matthew,Riley,1360
Elijah,Ethan,1136
Elijah,Jacob,1662
Ava,Liam,1284
Mason,Abigail,1979
Elijah,David,1002
Aurora,Logan,1773
Isla,Zoey,1578
Benjamin,Aiden,1085
Isla,James,1822
Scarlett,Elijah,1871
Ella,Olivia,1519
Emma,Gabriel,1581
Oliver,Elijah,1402
Elijah,Chloe,1430
Scarlett,Logan,1145
Mason,Harper,1586
Olivia,Olivia,1965
Oliver,Luna,1394
Zoey,Avery,1992
Amelia,Benjamin,1045
Abigail,Ava,1983
Elijah,Mila,1380
Olivia,Lucas,1072
Harper,Noah,1475
Isabella,Elijah,1920
Riley,Harper,1245
Charlotte,Mia,1960
Lucas,Evelyn,1943
Alexander,Elijah,1692
Evelyn,Liam,1942
Daniel,Isabella,1597
Mia,Sophia,1762
William,Amelia,1337
Harper,Daniel,1842
David,Avery,1920
William,Benjamin,1359
Scarlett,Emilia,1321
